{
  "api_farmware_env": "8.0.0",
  "api_farmware_installations": "8.0.0",
  "api_pin_bindings": "6.4.4",
  "assertion_block": "8.0.0",
  "backscheduled_regimens": "6.4.0",
  "boot_sequence": "15.1.0",
  "calibration_retries": "14.0.0",
  "calibration_total_retries": "14.6.2",
  "change_ownership": "6.3.0",
  "computed_move": "11.0.0",
  "criteria_groups": "9.2.2",
  "diagnostic_dumps": "6.4.4",
  "endstop_invert": "6.4.1",
  "express_k10": "8.0.0",
  "express_stall_detection": "10.1.3",
  "farmduino_k14": "6.4.4",
  "farmduino_k15": "9.0.0",
  "farmduino_k16": "14.2.1",
  "farmduino_k18": "15.4.11",
  "firmware_restart": "8.0.0",
  "flash_firmware": "8.0.0",
  "groups": "8.1.0",
  "home_single_axis": "14.0.0",
  "long_scaling_factor": "7.0.1",
  "lua_step": "12.3.4",
  "mark_as_step": "8.0.3",
  "multiple_variables": "14.3.0",
  "named_pins": "6.3.0",
  "no_auto_reset": "14.1.0",
  "no_firmware_logs": "12.2.2",
  "none_firmware": "8.0.0",
  "api_ota_releases": "11.1.0",
  "ota_update_hour": "8.2.3",
  "quiet_motors": "14.0.0",
  "resource_variables": "14.9.0",
  "rpi_led_control": "6.4.4",
  "safe_height_input": "12.1.0",
  "sensors": "6.3.0",
  "soil_height": "12.1.0",
  "sort_type_alternating": "15.3.0",
  "sort_type_optimized": "15.3.0",
  "string_variables": "14.7.0",
  "toggle_peripheral": "15.3.0",
  "number_variables": "14.7.0",
  "update_resource": "10.0.0",
  "use_update_channel": "6.4.12",
  "variables": "8.0.0",
  "z2_firmware_params": "12.0.0",
  "z2_firmware_params_all": "14.0.0"
}
